STATION,STATION_NAME,ELEVATION,LATITUDE,LONGITUDE,DATE,MLY-GRDD-BASE40,MLY-GRDD-BASE45,MLY-GRDD-BASE50,MLY-GRDD-BASE55,MLY-GRDD-BASE57,MLY-GRDD-BASE60,MLY-GRDD-BASE65,MLY-GRDD-BASE70,MLY-GRDD-BASE72,MLY-GRDD-TB4886,MLY-GRDD-TB5086,MLY-TMIN-PRBOCC-LSTH016,MLY-TMIN-PRBOCC-LSTH020,MLY-TMIN-PRBOCC-LSTH024,MLY-TMIN-PRBOCC-LSTH028,MLY-TMIN-PRBOCC-LSTH032,MLY-TMIN-PRBOCC-LSTH036,MLY-CLDD-BASE45,MLY-CLDD-BASE50,MLY-CLDD-BASE55,MLY-CLDD-BASE57,MLY-CLDD-BASE60,MLY-CLDD-NORMAL,MLY-CLDD-BASE70,MLY-CLDD-BASE72,MLY-HTDD-BASE40,MLY-HTDD-BASE45,MLY-HTDD-BASE50,MLY-HTDD-BASE55,MLY-HTDD-BASE57,MLY-HTDD-BASE60,MLY-HTDD-NORMAL,MLY-PRCP-25PCTL,MLY-SNOW-25PCTL,MLY-PRCP-50PCTL,MLY-SNOW-50PCTL,MLY-PRCP-75PCTL,MLY-SNOW-75PCTL,MLY-PRCP-NORMAL,MLY-SNOW-NORMAL,MLY-SNOW-AVGNDS-GE001TI,MLY-SNOW-AVGNDS-GE010TI,MLY-SNOW-AVGNDS-GE100TI,MLY-SNOW-AVGNDS-GE030TI,MLY-SNOW-AVGNDS-GE050TI,MLY-PRCP-AVGNDS-GE001HI,MLY-PRCP-AVGNDS-GE010HI,MLY-PRCP-AVGNDS-GE050HI,MLY-PRCP-AVGNDS-GE100HI,MLY-SNWD-AVGNDS-GE001WI,MLY-SNWD-AVGNDS-GE010WI,MLY-SNWD-AVGNDS-GE003WI,MLY-SNWD-AVGNDS-GE005WI,MLY-TMAX-AVGNDS-GRTH100,MLY-TMAX-AVGNDS-GRTH040,MLY-TMAX-AVGNDS-GRTH050,MLY-TMAX-AVGNDS-GRTH060,MLY-TMAX-AVGNDS-GRTH070,MLY-TMAX-AVGNDS-GRTH080,MLY-TMAX-AVGNDS-GRTH090,MLY-TMAX-AVGNDS-LSTH032,MLY-TMIN-AVGNDS-LSTH000,MLY-TMIN-AVGNDS-LSTH010,MLY-TMIN-AVGNDS-LSTH020,MLY-TMIN-AVGNDS-LSTH032,MLY-TMIN-AVGNDS-LSTH040,MLY-TMIN-AVGNDS-LSTH050,MLY-TMIN-AVGNDS-LSTH060,MLY-TMIN-AVGNDS-LSTH070,MLY-TAVG-NORMAL,MLY-DUTR-NORMAL,MLY-TMAX-NORMAL,MLY-TMIN-NORMAL,MLY-TAVG-STDDEV,MLY-DUTR-STDDEV,MLY-TMAX-STDDEV,MLY-TMIN-STDDEV
GHCND:USC00355204,MAPLETON OR US,6.1,44.0341,-123.8555,201001,122,32,1,0,0,0,0,0,0,53,34,-9999,-9999,-9999,-9999,-9999,-9999,32,1,0,0,0,0,0,0,31,95,220,374,436,529,684,-9999,-9999,-9999,-9999,-9999,-9999,1220,-9999,-9999,-9999,-9999,-9999,-9999,-9999,-9999,-9999,-9999,-9999,-9999,-9999,-9999,0,298,178,4,0,0,0,0,0,0,4,88,222,310,310,310,429,143,501,358,-9999,-9999,-9999,-9999
GHCND:USC00355204,MAPLETON OR US,6.1,44.0341,-123.8555,201002,142,44,4,-7777,-7777,-7777,0,0,0,84,63,-9999,-9999,-9999,-9999,-9999,-9999,44,4,-7777,-7777,-7777,0,0,0,14,55,155,291,347,431,571,-9999,-9999,-9999,-9999,-9999,-9999,982,-9999,-9999,-9999,-9999,-9999,-9999,-9999,-9999,-9999,-9999,-9999,-9999,-9999,-9999,0,276,196,44,0,0,0,0,0,0,0,72,210,280,280,280,446,176,534,358,-9999,-9999,-9999,-9999
GHCND:USC00355204,MAPLETON OR US,6.1,44.0341,-123.8555,201003,226,92,20,1,1,-7777,0,0,0,134,106,-9999,-9999,-9999,-9999,-9999,-9999,92,20,1,1,-7777,0,0,0,1,22,105,242,303,395,550,-9999,-9999,-9999,-9999,-9999,-9999,936,-9999,-9999,-9999,-9999,-9999,-9999,-9999,-9999,-9999,-9999,-9999,-9999,-9999,-9999,0,310,268,82,6,0,0,0,0,0,0,38,208,306,310,310,473,185,565,380,-9999,-9999,-9999,-9999
GHCND:USC00355204,MAPLETON OR US,6.1,44.0341,-123.8555,201004,314,171,61,13,6,2,-7777,0,0,198,169,-9999,-9999,-9999,-9999,-9999,-9999,171,61,13,6,2,-7777,0,0,-7777,7,47,150,203,289,437,-9999,-9999,-9999,-9999,-9999,-9999,618,-9999,-9999,-9999,-9999,-9999,-9999,-9999,-9999,-9999,-9999,-9999,-9999,-9999,-9999,0,300,282,160,40,6,0,0,0,0,0,8,154,300,300,300,504,213,611,398,-9999,-9999,-9999,-9999
GHCND:USC00355204,MAPLETON OR US,6.1,44.0341,-123.8555,201005,457,302,153,49,26,10,1,0,0,280,245,-9999,-9999,-9999,-9999,-9999,-9999,302,153,49,26,10,1,0,0,0,-7777,6,57,96,173,319,-9999,-9999,-9999,-9999,-9999,-9999,328,-9999,-9999,-9999,-9999,-9999,-9999,-9999,-9999,-9999,-9999,-9999,-9999,-9999,-9999,0,310,308,236,83,16,0,0,0,0,0,2,58,281,310,310,548,219,657,438,-9999,-9999,-9999,-9999
GHCND:USC00355204,MAPLETON OR US,6.1,44.0341,-123.8555,201006,548,398,248,106,61,22,3,0,0,337,297,-9999,-9999,-9999,-9999,-9999,-9999,398,248,106,61,22,3,0,0,0,0,-7777,8,24,75,206,-9999,-9999,-9999,-9999,-9999,-9999,218,-9999,-9999,-9999,-9999,-9999,-9999,-9999,-9999,-9999,-9999,-9999,-9999,-9999,-9999,0,300,300,281,128,9,0,0,0,0,0,0,6,241,300,300,583,225,695,470,-9999,-9999,-9999,-9999
GHCND:USC00355204,MAPLETON OR US,unknown,unknown,unknown,201007,714,559,404,249,188,103,22,2,-7777,471,420,-9999,-9999,-9999,-9999,-9999,-9999,559,404,249,188,103,22,2,-7777,0,0,0,-7777,-7777,8,82,-9999,-9999,-9999,-9999,-9999,-9999,69,-9999,-9999,-9999,-9999,-9999,-9999,-9999,-9999,-9999,-9999,-9999,-9999,-9999,-9999,0,310,310,310,240,93,7,0,0,0,0,0,0,147,310,310,631,255,758,503,-9999,-9999,-9999,-9999
GHCND:USC00355204,MAPLETON OR US,unknown,unknown,unknown,201008,752,597,442,287,225,137,33,3,1,508,456,-9999,-9999,-9999,-9999,-9999,-9999,597,442,287,225,137,33,3,1,0,0,0,-7777,1,6,56,-9999,-9999,-9999,-9999,-9999,-9999,80,-9999,-9999,-9999,-9999,-9999,-9999,-9999,-9999,-9999,-9999,-9999,-9999,-9999,-9999,0,310,310,310,283,105,8,0,0,0,0,0,0,125,305,310,643,265,775,510,-9999,-9999,-9999,-9999
GHCND:USC00355204,MAPLETON OR US,unknown,unknown,unknown,201009,631,481,331,185,132,68,10,-7777,0,422,382,-9999,-9999,-9999,-9999,-9999,-9999,481,331,185,132,68,10,-7777,0,0,0,0,3,11,37,129,-9999,-9999,-9999,-9999,-9999,-9999,211,-9999,-9999,-9999,-9999,-9999,-9999,-9999,-9999,-9999,-9999,-9999,-9999,-9999,-9999,0,300,300,293,218,78,5,0,0,0,0,0,10,215,300,300,611,277,749,472,-9999,-9999,-9999,-9999
GHCND:USC00355204,MAPLETON OR US,unknown,unknown,unknown,201010,451,298,150,41,18,4,-7777,0,0,280,244,-9999,-9999,-9999,-9999,-9999,-9999,298,150,41,18,4,-7777,0,0,-7777,2,9,55,94,173,324,-9999,-9999,-9999,-9999,-9999,-9999,544,-9999,-9999,-9999,-9999,-9999,-9999,-9999,-9999,-9999,-9999,-9999,-9999,-9999,-9999,0,310,310,255,62,2,0,0,0,0,0,5,69,280,310,310,546,221,656,435,-9999,-9999,-9999,-9999
GHCND:USC00355204,MAPLETON OR US,10.4,44.0372,-123.8555,201011,218,95,25,5,2,-7777,0,0,0,108,81,-9999,-9999,-9999,-9999,-9999,-9999,95,25,5,2,-7777,0,0,0,4,30,111,240,297,386,536,-9999,-9999,-9999,-9999,-9999,-9999,1374,-9999,-9999,-9999,-9999,-9999,-9999,-9999,-9999,-9999,-9999,-9999,-9999,-9999,-9999,0,297,235,49,0,0,0,0,0,0,0,26,163,281,300,300,472,147,545,398,-9999,-9999,-9999,-9999
GHCND:USC00355204,MAPLETON OR US,10.4,44.0372,-123.8555,201012,117,44,10,1,0,0,0,0,0,42,27,-9999,-9999,-9999,-9999,-9999,-9999,44,10,1,0,0,0,0,0,54,137,258,403,465,558,713,-9999,-9999,-9999,-9999,-9999,-9999,1609,-9999,-9999,-9999,-9999,-9999,-9999,-9999,-9999,-9999,-9999,-9999,-9999,-9999,-9999,0,283,111,7,0,0,0,2,0,0,8,110,215,295,310,310,420,124,482,358,-9999,-9999,-9999,-9999
GHCND:USW00024221,EUGENE MAHLON SWEET AIRPORT OR US,107.6,44.1278,-123.2206,201001,92,30,5,-7777,-7777,-7777,0,0,0,38,24,125,348,667,917,997,1000,30,5,-7777,-7777,-7777,0,0,0,70,163,294,444,505,598,753,404,0,681,0,872,0,687,8,7,3,0,1,0,179,123,49,16,11,0,6,0,0,262,118,6,0,0,0,7,0,-7777,8,119,241,307,310,310,407,130,472,342,29,19,27,33
GHCND:USW00024221,EUGENE MAHLON SWEET AIRPORT OR US,107.6,44.1278,-123.2206,201002,113,39,9,1,-7777,-7777,0,0,0,62,43,61,231,541,856,988,1000,39,9,1,-7777,-7777,0,0,0,31,96,206,339,394,477,617,280,0,453,6,622,43,543,24,12,7,0,3,1,149,99,35,13,12,0,5,1,0,267,165,21,1,0,0,2,0,2,6,96,213,277,280,280,429,163,511,348,26,18,25,30
GHCND:USW00024221,EUGENE MAHLON SWEET AIRPORT OR US,107.6,44.1278,-123.2206,201003,211,88,21,2,1,-7777,0,0,0,130,103,0,0,67,501,919,999,88,21,2,1,-7777,0,0,0,5,37,125,261,322,414,569,311,0,467,0,568,0,499,-7777,1,0,0,0,0,177,117,32,7,0,0,0,0,0,310,262,79,7,0,0,0,0,0,0,61,217,309,310,310,467,191,562,371,22,24,27,22
GHCND:USW00024221,EUGENE MAHLON SWEET AIRPORT OR US,107.6,44.1278,-123.2206,201004,305,164,63,16,8,2,-7777,-7777,-7777,194,164,0,0,0,123,655,977,164,63,16,8,2,-7777,-7777,-7777,-7777,9,59,162,214,298,446,194,0,258,0,522,0,333,0,0,0,0,0,0,145,86,18,4,0,0,0,0,0,300,290,141,40,1,0,0,0,0,0,19,167,293,300,300,502,213,608,395,20,23,25,21
GHCND:USW00024221,EUGENE MAHLON SWEET AIRPORT OR US,107.6,44.1278,-123.2206,201005,473,318,175,72,47,23,5,1,-7777,304,268,0,0,0,9,264,802,318,175,72,47,23,5,1,-7777,0,-7777,12,65,101,170,307,158,0,295,0,372,0,274,0,0,0,0,0,0,117,76,14,2,0,0,0,0,0,310,309,250,101,24,1,0,0,0,0,3,85,270,310,310,553,235,670,435,20,32,30,18
GHCND:USW00024221,EUGENE MAHLON SWEET AIRPORT OR US,107.6,44.1278,-123.2206,201006,612,462,313,171,123,68,19,4,2,400,358,0,0,0,0,5,216,462,313,171,123,68,19,4,2,0,0,1,9,21,56,157,67,0,137,0,201,0,150,0,0,0,0,0,0,79,42,7,2,0,0,0,0,-7777,300,300,294,186,62,10,0,0,0,0,-7777,23,201,299,300,604,257,732,476,19,26,27,20
GHCND:USW00024221,EUGENE MAHLON SWEET AIRPORT OR US,107.6,44.1278,-123.2206,201007,832,677,522,367,306,217,93,27,15,565,512,0,0,0,0,0,0,677,522,367,306,217,93,27,15,0,0,0,-7777,1,5,36,8,0,34,0,71,0,54,0,0,0,0,0,0,31,12,3,-7777,0,0,0,0,5,310,310,310,291,185,52,0,0,0,0,0,1,114,301,310,668,309,823,514,23,33,37,16
GHCND:USW00024221,EUGENE MAHLON SWEET AIRPORT OR US,107.6,44.1278,-123.2206,201008,835,680,525,370,309,218,91,24,12,570,519,0,0,0,0,0,0,680,525,370,309,218,91,24,12,0,0,0,-7777,-7777,3,31,4,0,31,0,93,0,61,0,0,0,0,0,0,32,14,3,1,0,0,0,0,3,310,310,310,296,195,56,0,0,0,0,0,2,129,303,310,669,317,828,511,13,27,19,19
GHCND:USW00024221,EUGENE MAHLON SWEET AIRPORT OR US,107.6,44.1278,-123.2206,201009,658,508,359,215,164,98,30,4,1,449,408,0,0,0,0,58,369,508,359,215,164,98,30,4,1,0,-7777,-7777,7,15,40,121,52,0,99,0,204,0,129,0,0,0,0,0,0,54,32,9,2,0,0,0,0,-7777,300,300,295,232,107,20,0,0,0,0,1,30,210,299,300,619,300,769,470,19,36,31,21
GHCND:USW00024221,EUGENE MAHLON SWEET AIRPORT OR US,107.6,44.1278,-123.2206,201010,395,246,120,41,24,9,1,-7777,-7777,259,224,1,17,69,288,736,975,246,120,41,24,9,1,-7777,-7777,1,7,36,112,157,235,382,193,0,295,0,460,0,325,0,0,0,0,0,0,114,70,19,6,0,0,0,0,0,310,305,211,73,8,-7777,0,0,0,1,21,133,280,310,310,527,229,642,412,17,35,28,21
GHCND:USW00024221,EUGENE MAHLON SWEET AIRPORT OR US,107.6,44.1278,-123.2206,201011,171,72,21,3,1,-7777,0,0,0,81,58,30,124,302,614,913,998,72,21,3,1,-7777,0,0,0,24,75,174,306,364,453,603,472,0,671,0,1047,0,772,2,1,1,0,0,0,179,131,56,21,0,0,0,0,0,290,195,31,-7777,0,0,1,0,0,4,65,187,286,300,300,449,146,522,376,31,20,27,36
GHCND:USW00024221,EUGENE MAHLON SWEET AIRPORT OR US,107.6,44.1278,-123.2206,201012,78,23,5,-7777,-7777,0,0,0,0,27,17,201,356,671,930,999,1000,23,5,-7777,-7777,0,0,0,0,88,188,324,474,536,629,784,448,0,661,0,1082,36,783,15,9,5,0,1,0,179,129,55,22,14,0,4,1,0,245,83,5,0,0,0,9,0,3,13,123,251,308,310,310,397,118,456,338,27,13,23,31
GHCND:USC00353995,HONEYMAN STATE PARK OR US,35.1,43.928,-124.1069,201001,125,37,5,-7777,-7777,0,0,0,0,35,20,0,0,114,503,861,990,37,5,-7777,-7777,0,0,0,0,25,93,215,366,428,521,676,730,0,1161,0,1496,0,1104,-7777,1,-7777,0,0,0,186,157,80,38,2,0,-7777,0,0,291,117,2,0,0,0,-7777,0,0,0,56,196,305,310,310,432,102,483,381,25,22,23,31
GHCND:USC00353995,HONEYMAN STATE PARK OR US,35.1,43.928,-124.1069,201002,141,50,8,1,-7777,0,0,0,0,53,35,3,25,141,478,847,989,50,8,1,-7777,0,0,0,0,16,65,163,296,351,435,575,513,0,718,0,1102,0,828,4,2,1,0,1,-7777,166,133,59,25,3,1,3,3,0,271,150,14,1,0,0,1,0,0,2,48,162,274,280,280,444,123,506,383,23,20,24,27
GHCND:USC00353995,HONEYMAN STATE PARK OR US,35.1,43.928,-124.1069,201003,192,72,13,1,-7777,0,0,0,0,86,62,0,0,22,250,695,970,72,13,1,-7777,0,0,0,0,4,40,136,278,340,432,587,666,0,843,0,1024,0,853,-7777,1,0,0,0,0,182,153,60,19,-7777,0,0,0,0,308,215,32,2,0,0,0,0,0,1,26,170,306,310,310,461,139,530,391,22,23,24,26
GHCND:USC00353995,HONEYMAN STATE PARK OR US,35.1,43.928,-124.1069,201004,255,118,33,7,3,1,-7777,0,0,127,98,0,0,0,95,487,924,118,33,7,3,1,-7777,0,0,-7777,13,78,202,258,346,495,381,0,417,0,672,0,524,0,0,0,0,0,0,156,114,37,8,0,0,0,0,0,300,258,63,10,1,0,0,0,0,0,13,137,286,300,300,485,152,561,409,19,26,23,24
GHCND:USC00353995,HONEYMAN STATE PARK OR US,35.1,43.928,-124.1069,201005,383,229,95,26,14,6,1,-7777,-7777,201,164,0,0,0,0,81,554,229,95,26,14,6,1,-7777,-7777,-7777,1,23,108,159,243,393,207,0,385,0,566,0,382,0,0,0,0,0,0,111,77,25,5,0,0,0,0,0,310,306,139,19,3,0,0,0,0,0,1,62,267,307,310,523,155,601,446,18,17,21,19
GHCND:USC00353995,HONEYMAN STATE PARK OR US,35.1,43.928,-124.1069,201006,475,326,177,55,26,7,1,-7777,-7777,263,219,0,0,0,0,0,34,326,177,55,26,7,1,-7777,-7777,-7777,-7777,2,30,60,131,275,141,0,265,0,375,0,278,0,0,0,0,0,0,83,52,15,7,0,0,0,0,0,300,300,237,18,2,0,0,0,0,0,-7777,16,184,294,300,558,147,632,485,13,20,16,17
GHCND:USC00353995,HONEYMAN STATE PARK OR US,35.1,43.928,-124.1069,201007,569,414,259,111,64,21,2,-7777,-7777,333,283,0,0,0,0,0,20,414,259,111,64,21,2,-7777,-7777,0,0,-7777,7,22,72,209,14,0,48,0,117,0,78,0,0,0,0,0,0,39,19,5,1,0,0,0,0,0,310,310,287,53,2,0,0,0,0,0,0,2,148,303,310,583,157,662,505,18,21,18,23
GHCND:USC00353995,HONEYMAN STATE PARK OR US,35.1,43.928,-124.1069,201008,581,426,271,121,71,24,2,-7777,0,342,290,0,0,0,0,0,0,426,271,121,71,24,2,-7777,0,0,0,0,4,17,63,196,23,0,55,0,144,0,96,0,0,0,0,0,0,41,18,4,2,0,0,0,0,0,310,310,290,69,3,0,0,0,0,0,0,0,135,303,310,588,155,665,510,16,20,21,17
GHCND:USC00353995,HONEYMAN STATE PARK OR US,35.1,43.928,-124.1069,201009,525,375,226,94,57,22,3,-7777,-7777,306,262,0,0,0,0,2,28,375,226,94,57,22,3,-7777,-7777,0,-7777,1,19,42,97,228,50,0,169,0,292,0,198,0,0,0,0,0,0,58,37,13,4,0,0,0,0,0,300,300,253,64,12,1,0,0,0,0,-7777,7,178,296,300,575,170,660,490,19,22,22,23
GHCND:USC00353995,HONEYMAN STATE PARK OR US,35.1,43.928,-124.1069,201010,380,227,97,25,12,4,1,-7777,0,194,155,0,0,2,44,172,536,227,97,25,12,4,1,-7777,0,-7777,2,27,110,159,244,396,302,0,576,0,813,0,548,0,0,0,0,0,0,118,91,39,15,0,0,0,0,0,310,301,119,19,2,0,0,0,0,0,2,59,246,310,310,522,142,594,451,15,26,17,22
GHCND:USC00353995,HONEYMAN STATE PARK OR US,35.1,43.928,-124.1069,201011,200,83,18,2,-7777,-7777,0,0,0,68,43,0,4,39,200,528,924,83,18,2,-7777,-7777,0,0,0,8,41,126,260,318,408,558,799,0,1021,0,1246,0,1053,0,0,0,0,0,0,200,162,90,35,0,0,0,0,0,294,189,13,0,0,0,0,0,0,0,19,124,276,300,300,464,100,514,414,23,19,24,26
GHCND:USC00353995,HONEYMAN STATE PARK OR US,35.1,43.928,-124.1069,201012,112,31,4,-7777,-7777,0,0,0,0,28,15,45,90,198,534,911,996,31,4,-7777,-7777,0,0,0,0,36,110,238,389,451,544,699,733,0,1154,0,1560,0,1157,1,1,1,0,0,0,192,160,87,36,2,0,0,0,0,288,105,1,0,0,0,5,0,0,4,57,201,301,310,310,425,97,473,376,21,20,22,24
GHCND:USC00352972,FLORENCE OR US,3.7,43.9702,-124.1152,201001,-9999,-9999,-9999,-9999,-9999,-9999,-9999,-9999,-9999,-9999,-9999,-9999,-9999,-9999,-9999,-9999,-9999,-9999,-9999,-9999,-9999,-9999,-9999,-9999,-9999,-9999,-9999,-9999,-9999,-9999,-9999,-9999,-9999,-9999,-9999,-9999,-9999,-9999,1285,-9999,-9999,-9999,-9999,-9999,-9999,-9999,-9999,-9999,-9999,-9999,-9999,-9999,-9999,-9999,-9999,-9999,-9999,-9999,-9999,-9999,-9999,-9999,-9999,-9999,-9999,-9999,-9999,-9999,-9999,-9999,-9999,-9999,-9999,-9999,-9999,-9999,-9999
GHCND:USC00352972,FLORENCE OR US,3.7,43.9702,-124.1152,201002,-9999,-9999,-9999,-9999,-9999,-9999,-9999,-9999,-9999,-9999,-9999,-9999,-9999,-9999,-9999,-9999,-9999,-9999,-9999,-9999,-9999,-9999,-9999,-9999,-9999,-9999,-9999,-9999,-9999,-9999,-9999,-9999,-9999,-9999,-9999,-9999,-9999,-9999,973,-9999,-9999,-9999,-9999,-9999,-9999,-9999,-9999,-9999,-9999,-9999,-9999,-9999,-9999,-9999,-9999,-9999,-9999,-9999,-9999,-9999,-9999,-9999,-9999,-9999,-9999,-9999,-9999,-9999,-9999,-9999,-9999,-9999,-9999,-9999,-9999,-9999,-9999
GHCND:USC00352972,FLORENCE OR US,3.7,43.9702,-124.1152,201003,-9999,-9999,-9999,-9999,-9999,-9999,-9999,-9999,-9999,-9999,-9999,-9999,-9999,-9999,-9999,-9999,-9999,-9999,-9999,-9999,-9999,-9999,-9999,-9999,-9999,-9999,-9999,-9999,-9999,-9999,-9999,-9999,-9999,-9999,-9999,-9999,-9999,-9999,895,-9999,-9999,-9999,-9999,-9999,-9999,-9999,-9999,-9999,-9999,-9999,-9999,-9999,-9999,-9999,-9999,-9999,-9999,-9999,-9999,-9999,-9999,-9999,-9999,-9999,-9999,-9999,-9999,-9999,-9999,-9999,-9999,-9999,-9999,-9999,-9999,-9999,-9999
GHCND:USC00352972,FLORENCE OR US,3.7,43.9702,-124.1152,201004,-9999,-9999,-9999,-9999,-9999,-9999,-9999,-9999,-9999,-9999,-9999,-9999,-9999,-9999,-9999,-9999,-9999,-9999,-9999,-9999,-9999,-9999,-9999,-9999,-9999,-9999,-9999,-9999,-9999,-9999,-9999,-9999,-9999,-9999,-9999,-9999,-9999,-9999,585,-9999,-9999,-9999,-9999,-9999,-9999,-9999,-9999,-9999,-9999,-9999,-9999,-9999,-9999,-9999,-9999,-9999,-9999,-9999,-9999,-9999,-9999,-9999,-9999,-9999,-9999,-9999,-9999,-9999,-9999,-9999,-9999,-9999,-9999,-9999,-9999,-9999,-9999
GHCND:USC00352972,FLORENCE OR US,3.7,43.9702,-124.1152,201005,-9999,-9999,-9999,-9999,-9999,-9999,-9999,-9999,-9999,-9999,-9999,-9999,-9999,-9999,-9999,-9999,-9999,-9999,-9999,-9999,-9999,-9999,-9999,-9999,-9999,-9999,-9999,-9999,-9999,-9999,-9999,-9999,-9999,-9999,-9999,-9999,-9999,-9999,372,-9999,-9999,-9999,-9999,-9999,-9999,-9999,-9999,-9999,-9999,-9999,-9999,-9999,-9999,-9999,-9999,-9999,-9999,-9999,-9999,-9999,-9999,-9999,-9999,-9999,-9999,-9999,-9999,-9999,-9999,-9999,-9999,-9999,-9999,-9999,-9999,-9999,-9999
GHCND:USC00352972,FLORENCE OR US,3.7,43.9702,-124.1152,201006,-9999,-9999,-9999,-9999,-9999,-9999,-9999,-9999,-9999,-9999,-9999,-9999,-9999,-9999,-9999,-9999,-9999,-9999,-9999,-9999,-9999,-9999,-9999,-9999,-9999,-9999,-9999,-9999,-9999,-9999,-9999,-9999,-9999,-9999,-9999,-9999,-9999,-9999,296,-9999,-9999,-9999,-9999,-9999,-9999,-9999,-9999,-9999,-9999,-9999,-9999,-9999,-9999,-9999,-9999,-9999,-9999,-9999,-9999,-9999,-9999,-9999,-9999,-9999,-9999,-9999,-9999,-9999,-9999,-9999,-9999,-9999,-9999,-9999,-9999,-9999,-9999
GHCND:USC00352972,FLORENCE OR US,3.7,43.9702,-124.1152,201007,-9999,-9999,-9999,-9999,-9999,-9999,-9999,-9999,-9999,-9999,-9999,-9999,-9999,-9999,-9999,-9999,-9999,-9999,-9999,-9999,-9999,-9999,-9999,-9999,-9999,-9999,-9999,-9999,-9999,-9999,-9999,-9999,-9999,-9999,-9999,-9999,-9999,-9999,97,-9999,-9999,-9999,-9999,-9999,-9999,-9999,-9999,-9999,-9999,-9999,-9999,-9999,-9999,-9999,-9999,-9999,-9999,-9999,-9999,-9999,-9999,-9999,-9999,-9999,-9999,-9999,-9999,-9999,-9999,-9999,-9999,-9999,-9999,-9999,-9999,-9999,-9999
GHCND:USC00352972,FLORENCE OR US,3.7,43.9702,-124.1152,201008,-9999,-9999,-9999,-9999,-9999,-9999,-9999,-9999,-9999,-9999,-9999,-9999,-9999,-9999,-9999,-9999,-9999,-9999,-9999,-9999,-9999,-9999,-9999,-9999,-9999,-9999,-9999,-9999,-9999,-9999,-9999,-9999,-9999,-9999,-9999,-9999,-9999,-9999,82,-9999,-9999,-9999,-9999,-9999,-9999,-9999,-9999,-9999,-9999,-9999,-9999,-9999,-9999,-9999,-9999,-9999,-9999,-9999,-9999,-9999,-9999,-9999,-9999,-9999,-9999,-9999,-9999,-9999,-9999,-9999,-9999,-9999,-9999,-9999,-9999,-9999,-9999
GHCND:USC00352972,FLORENCE OR US,3.7,43.9702,-124.1152,201009,-9999,-9999,-9999,-9999,-9999,-9999,-9999,-9999,-9999,-9999,-9999,-9999,-9999,-9999,-9999,-9999,-9999,-9999,-9999,-9999,-9999,-9999,-9999,-9999,-9999,-9999,-9999,-9999,-9999,-9999,-9999,-9999,-9999,-9999,-9999,-9999,-9999,-9999,239,-9999,-9999,-9999,-9999,-9999,-9999,-9999,-9999,-9999,-9999,-9999,-9999,-9999,-9999,-9999,-9999,-9999,-9999,-9999,-9999,-9999,-9999,-9999,-9999,-9999,-9999,-9999,-9999,-9999,-9999,-9999,-9999,-9999,-9999,-9999,-9999,-9999,-9999
GHCND:USC00352972,FLORENCE OR US,3.7,43.9702,-124.1152,201010,-9999,-9999,-9999,-9999,-9999,-9999,-9999,-9999,-9999,-9999,-9999,-9999,-9999,-9999,-9999,-9999,-9999,-9999,-9999,-9999,-9999,-9999,-9999,-9999,-9999,-9999,-9999,-9999,-9999,-9999,-9999,-9999,-9999,-9999,-9999,-9999,-9999,-9999,574,-9999,-9999,-9999,-9999,-9999,-9999,-9999,-9999,-9999,-9999,-9999,-9999,-9999,-9999,-9999,-9999,-9999,-9999,-9999,-9999,-9999,-9999,-9999,-9999,-9999,-9999,-9999,-9999,-9999,-9999,-9999,-9999,-9999,-9999,-9999,-9999,-9999,-9999
GHCND:USC00352972,FLORENCE OR US,3.7,43.9702,-124.1152,201011,-9999,-9999,-9999,-9999,-9999,-9999,-9999,-9999,-9999,-9999,-9999,-9999,-9999,-9999,-9999,-9999,-9999,-9999,-9999,-9999,-9999,-9999,-9999,-9999,-9999,-9999,-9999,-9999,-9999,-9999,-9999,-9999,-9999,-9999,-9999,-9999,-9999,-9999,1311,-9999,-9999,-9999,-9999,-9999,-9999,-9999,-9999,-9999,-9999,-9999,-9999,-9999,-9999,-9999,-9999,-9999,-9999,-9999,-9999,-9999,-9999,-9999,-9999,-9999,-9999,-9999,-9999,-9999,-9999,-9999,-9999,-9999,-9999,-9999,-9999,-9999,-9999
GHCND:USC00352972,FLORENCE OR US,3.7,43.9702,-124.1152,201012,-9999,-9999,-9999,-9999,-9999,-9999,-9999,-9999,-9999,-9999,-9999,-9999,-9999,-9999,-9999,-9999,-9999,-9999,-9999,-9999,-9999,-9999,-9999,-9999,-9999,-9999,-9999,-9999,-9999,-9999,-9999,-9999,-9999,-9999,-9999,-9999,-9999,-9999,1293,-9999,-9999,-9999,-9999,-9999,-9999,-9999,-9999,-9999,-9999,-9999,-9999,-9999,-9999,-9999,-9999,-9999,-9999,-9999,-9999,-9999,-9999,-9999,-9999,-9999,-9999,-9999,-9999,-9999,-9999,-9999,-9999,-9999,-9999,-9999,-9999,-9999,-9999
GHCND:USC00356213,OAKRIDGE FISH HATCHERY OR US,388.6,43.7428,-122.4433,201001,34,5,-7777,-7777,-7777,0,0,0,0,16,10,77,309,677,948,999,1000,5,-7777,-7777,-7777,0,0,0,0,94,220,371,525,587,680,835,410,0,554,0,776,0,600,8,7,3,-7777,2,1,160,123,44,11,2,0,2,2,0,249,55,1,-7777,0,0,3,0,0,12,170,290,310,310,310,381,133,447,314,24,28,28,28
GHCND:USC00356213,OAKRIDGE FISH HATCHERY OR US,388.6,43.7428,-122.4433,201002,71,16,3,-7777,-7777,-7777,0,0,0,58,42,91,255,588,911,1000,1000,16,3,-7777,-7777,-7777,0,0,0,42,127,253,391,447,531,671,302,0,399,0,592,0,449,11,6,5,0,3,-7777,136,108,30,6,3,0,3,2,0,258,143,25,3,0,0,1,0,-7777,6,145,260,280,280,280,410,183,502,319,26,29,33,26
GHCND:USC00356213,OAKRIDGE FISH HATCHERY OR US,388.6,43.7428,-122.4433,201003,168,65,16,2,1,-7777,0,0,0,129,105,0,0,128,666,981,1000,65,16,2,1,-7777,0,0,0,15,67,172,314,374,467,622,350,0,416,0,596,0,457,4,5,2,0,1,-7777,161,121,26,3,-7777,0,0,0,0,303,219,91,18,1,0,0,0,0,0,98,270,310,310,310,450,211,555,344,23,34,37,17
GHCND:USC00356213,OAKRIDGE FISH HATCHERY OR US,388.6,43.7428,-122.4433,201004,268,144,61,19,11,4,-7777,-7777,-7777,186,159,0,0,7,254,839,998,144,61,19,11,4,-7777,-7777,-7777,3,29,96,203,255,338,485,318,0,391,0,530,0,416,1,1,1,0,0,0,159,117,24,2,1,0,0,0,0,299,254,135,57,11,0,0,0,0,0,38,213,299,300,300,489,225,601,376,24,25,33,18
GHCND:USC00356213,OAKRIDGE FISH HATCHERY OR US,388.6,43.7428,-122.4433,201005,451,299,166,76,54,29,8,1,-7777,290,256,0,0,0,28,324,817,299,166,76,54,29,8,1,-7777,-7777,3,25,90,130,198,332,216,0,276,0,402,0,318,0,0,0,0,0,0,120,93,17,3,0,0,0,0,-7777,310,302,217,105,35,7,0,0,0,0,6,102,285,310,310,546,239,665,426,22,33,35,17
GHCND:USC00356213,OAKRIDGE FISH HATCHERY OR US,388.6,43.7428,-122.4433,201006,594,444,296,162,119,67,19,4,2,384,343,0,0,0,0,2,149,444,296,162,119,67,19,4,2,0,-7777,2,18,35,73,175,112,0,191,0,273,0,195,0,0,0,0,0,0,70,53,11,1,0,0,0,0,-7777,300,300,275,175,59,10,0,0,0,0,0,16,209,299,300,598,249,723,473,19,26,28,17
GHCND:USC00356213,OAKRIDGE FISH HATCHERY OR US,388.6,43.7428,-122.4433,201007,788,632,477,323,263,178,68,15,7,535,484,0,0,0,0,0,0,632,477,323,263,178,68,15,7,0,0,-7777,1,3,10,56,0,0,44,0,119,0,71,0,0,0,0,0,0,24,15,4,-7777,0,0,0,0,1,310,310,309,279,161,28,0,0,0,0,0,-7777,134,306,310,654,295,801,507,22,33,36,17
GHCND:USC00356213,OAKRIDGE FISH HATCHERY OR US,388.6,43.7428,-122.4433,201008,790,635,480,326,265,180,71,16,8,539,491,0,0,0,0,0,17,635,480,326,265,180,71,16,8,0,0,-7777,1,2,10,55,1,0,40,0,84,0,71,0,0,0,0,0,0,26,17,5,1,0,0,0,0,2,310,310,309,289,178,39,0,0,0,0,0,2,165,307,310,655,315,813,497,17,36,26,23
GHCND:USC00356213,OAKRIDGE FISH HATCHERY OR US,388.6,43.7428,-122.4433,201009,608,458,310,176,131,76,20,2,1,419,382,0,0,0,0,89,516,458,310,176,131,76,20,2,1,0,-7777,3,19,34,68,162,75,0,129,0,243,0,157,0,0,0,0,0,0,47,36,9,1,0,0,0,0,1,300,299,283,214,103,18,0,0,0,0,3,55,253,300,300,603,309,757,448,21,41,34,23
GHCND:USC00356213,OAKRIDGE FISH HATCHERY OR US,388.6,43.7428,-122.4433,201010,359,215,100,34,20,7,1,-7777,0,246,215,0,3,54,300,770,991,215,100,34,20,7,1,-7777,0,1,12,52,141,189,269,417,226,0,334,0,470,0,345,0,0,0,0,0,0,98,73,22,7,0,0,0,0,0,310,288,191,84,19,2,0,0,0,-7777,27,175,300,310,310,516,243,637,394,18,43,35,19
GHCND:USC00356213,OAKRIDGE FISH HATCHERY OR US,388.6,43.7428,-122.4433,201011,100,31,6,-7777,-7777,-7777,0,0,0,50,35,0,53,254,634,948,1000,31,6,-7777,-7777,-7777,0,0,0,34,113,238,383,443,532,682,490,0,682,0,987,0,729,3,2,1,0,-7777,-7777,168,135,53,12,-7777,0,0,0,0,280,130,17,0,0,0,-7777,0,0,2,95,238,299,300,300,422,144,494,351,27,27,31,30
GHCND:USC00356213,OAKRIDGE FISH HATCHERY OR US,388.6,43.7428,-122.4433,201012,26,4,-7777,0,0,0,0,0,0,8,4,125,295,655,953,1000,1000,4,-7777,0,0,0,0,0,0,115,247,398,553,615,708,863,411,0,786,0,966,20,733,13,10,6,0,1,0,175,145,53,17,4,0,1,0,0,228,30,-7777,0,0,0,7,0,1,11,167,292,310,310,310,371,117,430,313,21,23,21,27
GHCND:USC00352374,DORENA OR US,249.9,43.78194,-122.96278,201001,86,25,4,-7777,-7777,0,0,0,0,41,28,33,203,540,863,994,1000,25,4,-7777,-7777,0,0,0,0,62,157,291,442,504,597,752,306,0,666,0,836,0,629,1,1,1,0,0,0,187,133,44,14,3,0,2,0,0,263,110,11,0,0,0,4,0,0,6,116,258,308,310,310,407,135,475,340,28,23,30,29
GHCND:USC00352374,DORENA OR US,249.9,43.78194,-122.96278,201002,106,33,6,1,-7777,-7777,0,0,0,67,49,99,274,545,843,985,1000,33,6,1,-7777,-7777,0,0,0,33,101,213,348,403,487,627,332,0,402,0,588,0,482,8,4,2,0,1,-7777,163,103,33,7,1,0,1,0,0,263,163,29,1,0,0,3,0,2,7,106,230,279,280,280,426,174,513,339,29,25,31,32
GHCND:USC00352374,DORENA OR US,249.9,43.78194,-122.96278,201003,194,82,23,4,2,-7777,0,0,0,127,101,0,6,139,589,936,1000,82,23,4,2,-7777,0,0,0,8,51,147,283,343,434,589,407,0,508,0,586,0,518,1,2,1,0,0,0,190,129,30,3,0,0,0,0,0,307,235,80,12,0,0,0,0,0,0,67,236,309,310,310,460,194,557,363,24,22,30,23
GHCND:USC00352374,DORENA OR US,249.9,43.78194,-122.96278,201004,279,148,60,17,9,3,-7777,-7777,-7777,180,152,0,0,7,219,739,991,148,60,17,9,3,-7777,-7777,-7777,1,20,83,189,242,325,473,295,0,401,0,510,0,433,1,1,0,0,0,0,161,115,21,4,0,0,0,0,0,300,263,135,45,4,0,0,0,0,0,26,181,295,300,300,493,211,598,387,23,27,30,21
GHCND:USC00352374,DORENA OR US,249.9,43.78194,-122.96278,201005,462,309,173,80,55,29,7,1,1,294,257,0,0,0,27,279,752,309,173,80,55,29,7,1,1,-7777,2,21,83,120,187,321,189,0,318,0,451,0,356,0,0,0,0,0,0,127,85,21,4,0,0,0,0,0,310,305,224,104,26,2,0,0,0,0,6,85,268,310,310,549,228,663,435,24,33,35,21
GHCND:USC00352374,DORENA OR US,249.9,43.78194,-122.96278,201006,593,443,294,160,115,64,18,3,1,379,336,0,0,0,0,13,120,443,294,160,115,64,18,3,1,0,0,1,17,33,71,176,108,0,184,0,238,0,195,0,0,0,0,0,0,78,48,9,1,0,0,0,0,0,300,300,273,161,51,8,0,0,0,0,-7777,16,196,300,300,597,237,716,479,20,29,31,17
GHCND:USC00352374,DORENA OR US,249.9,43.78194,-122.96278,201007,792,637,482,328,267,183,74,19,9,536,485,0,0,0,0,0,0,637,482,328,267,183,74,19,9,0,0,-7777,1,3,11,57,7,0,33,0,76,0,68,0,0,0,0,0,0,27,16,3,1,0,0,0,0,2,310,310,308,270,163,37,0,0,0,0,0,1,130,303,310,656,289,800,511,25,39,40,19
GHCND:USC00352374,DORENA OR US,249.9,43.78194,-122.96278,201008,787,632,477,323,261,176,69,16,7,535,486,0,0,0,0,0,0,632,477,323,261,176,69,16,7,0,0,0,-7777,1,8,57,2,0,40,0,108,0,77,0,0,0,0,0,0,31,17,6,-7777,0,0,0,0,1,310,310,309,282,172,40,0,0,0,0,0,1,150,308,310,654,308,808,500,15,31,24,20
GHCND:USC00352374,DORENA OR US,249.9,43.78194,-122.96278,201009,618,468,319,181,134,77,20,2,1,419,381,0,0,0,8,75,377,468,319,181,134,77,20,2,1,-7777,-7777,1,13,26,59,152,82,0,150,0,239,0,163,0,0,0,0,0,0,56,40,11,2,0,0,0,0,-7777,300,300,289,209,92,14,0,0,0,0,1,34,235,300,300,606,292,752,460,17,38,30,20
GHCND:USC00352374,DORENA OR US,249.9,43.78194,-122.96278,201010,388,239,114,39,23,8,1,-7777,0,248,214,0,6,42,171,598,939,239,114,39,23,8,1,-7777,0,-7777,6,37,117,162,241,389,265,0,356,0,513,0,368,0,0,0,0,0,0,116,77,25,6,0,0,0,0,0,310,297,192,71,10,-7777,0,0,0,1,13,127,286,310,310,525,222,636,414,17,37,29,21
GHCND:USC00352374,DORENA OR US,249.9,43.78194,-122.96278,201011,164,68,19,3,1,-7777,0,0,0,79,58,2,38,148,437,881,997,68,19,3,1,-7777,0,0,0,21,74,175,309,367,456,606,482,0,660,0,896,0,733,1,2,-7777,0,0,0,186,142,52,15,1,0,0,0,0,288,182,40,2,0,0,1,0,0,-7777,59,191,293,300,300,448,142,519,377,29,18,31,29
GHCND:USC00352374,DORENA OR US,249.9,43.78194,-122.96278,201012,70,20,3,-7777,-7777,0,0,0,0,26,17,140,240,482,822,990,1000,20,3,-7777,-7777,0,0,0,0,85,191,329,481,542,635,790,441,0,707,0,926,0,706,3,4,1,0,0,0,191,136,48,14,1,0,0,0,0,241,80,6,0,0,0,10,0,3,11,115,259,309,310,310,395,115,452,338,26,15,24,30
GHCND:USC00352867,FERN RIDGE DAM OR US,147.8,44.04944,-123.37028,201001,82,21,2,-7777,-7777,0,0,0,0,41,27,-9999,-9999,-9999,-9999,-9999,-9999,21,2,-7777,-7777,0,0,0,0,57,151,288,440,502,595,750,-9999,-9999,-9999,-9999,-9999,-9999,686,-9999,-9999,-9999,-9999,-9999,-9999,-9999,-9999,-9999,-9999,-9999,-9999,-9999,-9999,0,276,127,7,0,0,0,6,0,0,8,121,258,309,310,310,408,144,480,336,-9999,-9999,-9999,-9999
GHCND:USC00352867,FERN RIDGE DAM OR US,147.8,44.04944,-123.37028,201002,127,41,8,1,-7777,-7777,0,0,0,79,58,-9999,-9999,-9999,-9999,-9999,-9999,41,8,1,-7777,-7777,0,0,0,24,78,184,318,373,456,596,-9999,-9999,-9999,-9999,-9999,-9999,528,-9999,-9999,-9999,-9999,-9999,-9999,-9999,-9999,-9999,-9999,-9999,-9999,-9999,-9999,0,268,189,34,1,0,0,0,0,-7777,6,94,223,277,280,280,437,180,527,347,-9999,-9999,-9999,-9999
GHCND:USC00352867,FERN RIDGE DAM OR US,147.8,44.04944,-123.37028,201003,240,109,30,5,2,-7777,-7777,0,0,149,121,-9999,-9999,-9999,-9999,-9999,-9999,109,30,5,2,-7777,-7777,0,0,4,29,105,234,293,385,539,-9999,-9999,-9999,-9999,-9999,-9999,519,-9999,-9999,-9999,-9999,-9999,-9999,-9999,-9999,-9999,-9999,-9999,-9999,-9999,-9999,0,310,268,99,12,-7777,0,0,0,0,-7777,38,208,309,310,310,476,196,574,378,-9999,-9999,-9999,-9999
GHCND:USC00352867,FERN RIDGE DAM OR US,147.8,44.04944,-123.37028,201004,343,199,87,28,16,5,-7777,-7777,-7777,221,190,-9999,-9999,-9999,-9999,-9999,-9999,199,87,28,16,5,-7777,-7777,-7777,-7777,6,44,134,182,262,407,-9999,-9999,-9999,-9999,-9999,-9999,345,-9999,-9999,-9999,-9999,-9999,-9999,-9999,-9999,-9999,-9999,-9999,-9999,-9999,-9999,0,300,292,175,59,5,0,0,0,0,0,12,148,293,300,300,515,223,626,403,-9999,-9999,-9999,-9999
GHCND:USC00352867,FERN RIDGE DAM OR US,147.8,44.04944,-123.37028,201005,513,358,211,98,67,36,10,2,1,329,293,-9999,-9999,-9999,-9999,-9999,-9999,358,211,98,67,36,10,2,1,0,-7777,8,50,81,143,272,-9999,-9999,-9999,-9999,-9999,-9999,284,-9999,-9999,-9999,-9999,-9999,-9999,-9999,-9999,-9999,-9999,-9999,-9999,-9999,-9999,0,310,309,258,125,35,3,0,0,0,0,4,53,266,309,310,566,241,686,445,-9999,-9999,-9999,-9999
GHCND:USC00352867,FERN RIDGE DAM OR US,147.8,44.04944,-123.37028,201006,654,504,354,209,158,96,32,8,4,428,381,-9999,-9999,-9999,-9999,-9999,-9999,504,354,209,158,96,32,8,4,0,0,-7777,5,14,42,128,-9999,-9999,-9999,-9999,-9999,-9999,170,-9999,-9999,-9999,-9999,-9999,-9999,-9999,-9999,-9999,-9999,-9999,-9999,-9999,-9999,-7777,300,300,294,198,80,16,0,0,0,0,0,12,163,298,300,618,252,744,492,-9999,-9999,-9999,-9999
GHCND:USC00352867,FERN RIDGE DAM OR US,147.8,44.04944,-123.37028,201007,859,704,549,394,332,243,114,34,17,586,528,-9999,-9999,-9999,-9999,-9999,-9999,704,549,394,332,243,114,34,17,0,0,0,-7777,1,4,31,-9999,-9999,-9999,-9999,-9999,-9999,57,-9999,-9999,-9999,-9999,-9999,-9999,-9999,-9999,-9999,-9999,-9999,-9999,-9999,-9999,4,310,310,310,289,193,62,0,0,0,0,0,2,57,303,310,677,298,826,528,-9999,-9999,-9999,-9999
GHCND:USC00352867,FERN RIDGE DAM OR US,147.8,44.04944,-123.37028,201008,876,721,566,411,349,257,121,35,18,601,544,-9999,-9999,-9999,-9999,-9999,-9999,721,566,411,349,257,121,35,18,0,0,0,-7777,-7777,1,21,-9999,-9999,-9999,-9999,-9999,-9999,65,-9999,-9999,-9999,-9999,-9999,-9999,-9999,-9999,-9999,-9999,-9999,-9999,-9999,-9999,2,310,310,310,300,214,69,0,0,0,0,0,3,68,300,310,683,313,839,526,-9999,-9999,-9999,-9999
GHCND:USC00352867,FERN RIDGE DAM OR US,147.8,44.04944,-123.37028,201009,727,577,427,280,225,151,60,14,6,495,447,-9999,-9999,-9999,-9999,-9999,-9999,577,427,280,225,151,60,14,6,0,0,-7777,3,8,23,83,-9999,-9999,-9999,-9999,-9999,-9999,131,-9999,-9999,-9999,-9999,-9999,-9999,-9999,-9999,-9999,-9999,-9999,-9999,-9999,-9999,1,300,300,296,245,136,30,0,0,0,0,0,14,146,295,300,643,289,787,498,-9999,-9999,-9999,-9999
GHCND:USC00352867,FERN RIDGE DAM OR US,147.8,44.04944,-123.37028,201010,451,300,162,67,42,19,3,-7777,-7777,287,250,-9999,-9999,-9999,-9999,-9999,-9999,300,162,67,42,19,3,-7777,-7777,-7777,4,21,81,118,188,327,-9999,-9999,-9999,-9999,-9999,-9999,315,-9999,-9999,-9999,-9999,-9999,-9999,-9999,-9999,-9999,-9999,-9999,-9999,-9999,-9999,0,310,303,232,96,17,0,0,0,0,-7777,13,86,269,310,310,546,225,658,433,-9999,-9999,-9999,-9999
GHCND:USC00352867,FERN RIDGE DAM OR US,147.8,44.04944,-123.37028,201011,175,71,18,2,1,-7777,0,0,0,89,65,-9999,-9999,-9999,-9999,-9999,-9999,71,18,2,1,-7777,0,0,0,17,62,159,293,352,441,591,-9999,-9999,-9999,-9999,-9999,-9999,791,-9999,-9999,-9999,-9999,-9999,-9999,-9999,-9999,-9999,-9999,-9999,-9999,-9999,-9999,0,290,212,41,1,0,0,2,0,0,2,59,188,290,300,300,453,152,529,377,-9999,-9999,-9999,-9999
GHCND:USC00352867,FERN RIDGE DAM OR US,147.8,44.04944,-123.37028,201012,69,15,2,-7777,-7777,0,0,0,0,26,15,-9999,-9999,-9999,-9999,-9999,-9999,15,2,-7777,-7777,0,0,0,0,75,176,318,471,533,626,781,-9999,-9999,-9999,-9999,-9999,-9999,813,-9999,-9999,-9999,-9999,-9999,-9999,-9999,-9999,-9999,-9999,-9999,-9999,-9999,-9999,0,252,86,3,0,0,0,8,0,2,12,111,258,309,310,310,398,122,459,337,-9999,-9999,-9999,-9999
GHCND:USC00351902,COTTAGE GROVE DAM OR US,253.3,43.71778,-123.05778,201001,73,20,3,-7777,-7777,0,0,0,0,39,26,6,175,550,900,993,1000,20,3,-7777,-7777,0,0,0,0,67,168,307,459,521,614,769,350,0,695,0,933,0,661,1,2,1,0,-7777,0,199,128,45,15,2,0,0,0,0,264,108,9,1,0,0,4,0,0,4,140,273,308,310,310,402,144,474,330,25,22,28,27
GHCND:USC00351902,COTTAGE GROVE DAM OR US,253.3,43.71778,-123.05778,201002,104,33,7,1,-7777,-7777,0,0,0,68,50,69,207,485,832,983,1000,33,7,1,-7777,-7777,0,0,0,34,103,216,351,406,490,630,369,0,447,0,644,2,530,16,5,4,0,2,1,164,106,40,10,2,0,1,0,0,266,161,32,-7777,0,0,2,0,2,7,109,234,279,280,280,425,178,514,336,28,25,30,30
GHCND:USC00351902,COTTAGE GROVE DAM OR US,253.3,43.71778,-123.05778,201003,185,75,19,2,1,-7777,0,0,0,125,100,0,0,55,490,920,1000,75,19,2,1,-7777,0,0,0,10,55,154,292,353,445,600,337,0,478,0,596,0,500,0,0,0,0,0,0,185,127,33,4,0,0,0,0,0,308,237,80,10,0,0,0,0,0,0,77,245,310,310,310,456,199,556,357,25,24,32,21
GHCND:USC00351902,COTTAGE GROVE DAM OR US,253.3,43.71778,-123.05778,201004,272,141,56,16,8,2,-7777,-7777,-7777,180,152,0,0,10,139,692,983,141,56,16,8,2,-7777,-7777,-7777,1,19,84,194,247,331,479,295,0,375,0,522,0,434,0,0,0,0,0,0,167,113,25,4,0,0,0,0,0,300,272,132,46,5,0,0,0,0,0,21,195,298,300,300,490,217,599,382,21,23,28,18
GHCND:USC00351902,COTTAGE GROVE DAM OR US,253.3,43.71778,-123.05778,201005,452,299,164,73,50,26,7,1,1,287,253,0,0,0,4,146,726,299,164,73,50,26,7,1,1,-7777,2,22,86,124,193,329,192,0,302,0,431,0,333,0,0,0,0,0,0,124,83,19,3,0,0,0,0,0,310,306,220,99,30,3,0,0,0,0,1,88,283,310,310,546,231,662,430,21,29,33,16
GHCND:USC00351902,COTTAGE GROVE DAM OR US,253.3,43.71778,-123.05778,201006,585,435,286,151,108,58,15,3,1,371,331,0,0,0,0,0,31,435,286,151,108,58,15,3,1,0,-7777,1,16,33,73,180,91,0,161,0,213,0,174,0,0,0,0,0,0,86,51,8,2,0,0,0,0,0,300,300,278,166,47,7,0,0,0,0,0,8,220,300,300,595,240,715,475,18,26,27,15
GHCND:USC00351902,COTTAGE GROVE DAM OR US,253.3,43.71778,-123.05778,201007,787,632,477,323,263,179,71,17,8,532,480,0,0,0,0,0,0,632,477,323,263,179,71,17,8,0,0,0,1,2,11,59,10,0,24,0,70,0,59,0,0,0,0,0,0,38,16,3,-7777,0,0,0,0,0,310,310,309,276,154,30,0,0,0,0,0,0,121,307,310,654,286,797,511,23,34,38,15
GHCND:USC00351902,COTTAGE GROVE DAM OR US,253.3,43.71778,-123.05778,201008,800,645,490,335,274,187,74,16,7,543,491,0,0,0,0,0,0,645,490,335,274,187,74,16,7,0,0,0,-7777,1,7,49,3,0,36,0,94,0,72,0,0,0,0,0,0,34,16,4,0,0,0,0,0,1,310,310,310,285,168,32,0,0,0,0,0,0,130,308,310,658,300,808,508,14,30,23,17
GHCND:USC00351902,COTTAGE GROVE DAM OR US,253.3,43.71778,-123.05778,201009,643,493,344,204,154,93,28,4,1,433,392,0,0,0,0,14,151,493,344,204,154,93,28,4,1,0,-7777,1,10,21,49,134,59,0,124,0,206,0,140,0,0,0,0,0,0,61,32,9,1,0,0,0,0,-7777,300,300,291,217,105,16,0,0,0,0,0,27,211,300,300,614,289,759,470,21,39,35,20
GHCND:USC00351902,COTTAGE GROVE DAM OR US,253.3,43.71778,-123.05778,201010,397,248,122,44,26,10,2,-7777,-7777,254,221,0,5,29,109,470,906,248,122,44,26,10,2,-7777,-7777,1,7,35,112,157,234,380,242,0,340,0,511,0,371,0,0,0,0,0,0,120,78,23,7,0,0,0,0,0,310,300,201,76,13,1,0,0,0,-7777,7,129,292,310,310,528,226,641,415,19,33,30,19
GHCND:USC00351902,COTTAGE GROVE DAM OR US,253.3,43.71778,-123.05778,201011,155,63,16,2,1,-7777,0,0,0,81,60,4,45,178,478,886,995,63,16,2,1,-7777,0,0,0,23,79,183,319,377,467,616,472,0,680,0,908,0,745,0,-7777,0,0,0,0,188,133,53,21,0,0,0,0,0,288,188,37,1,0,0,1,0,0,2,72,208,293,300,300,444,154,522,367,27,21,26,31
GHCND:USC00351902,COTTAGE GROVE DAM OR US,253.3,43.71778,-123.05778,201012,61,17,3,-7777,-7777,0,0,0,0,27,17,151,222,491,881,1000,1000,17,3,-7777,-7777,0,0,0,0,87,198,339,491,553,646,801,451,0,786,0,1087,0,794,1,1,-7777,0,0,0,188,133,49,17,1,0,0,0,0,249,79,6,0,0,0,9,0,3,11,144,272,309,310,310,392,129,456,327,25,18,25,27
GHCND:USC00352973,FLORENCE NUMBER 2 OR US,22.9,44.00417,-124.09472,201001,150,51,5,0,0,0,0,0,0,48,28,-9999,-9999,-9999,-9999,-9999,-9999,51,5,0,0,0,0,0,0,20,76,185,335,397,490,645,-9999,-9999,-9999,-9999,-9999,-9999,1306,-9999,-9999,-9999,-9999,-9999,-9999,-9999,-9999,-9999,-9999,-9999,-9999,-9999,-9999,0,303,163,0,0,0,0,0,0,0,0,48,170,302,310,310,442,110,497,387,-9999,-9999,-9999,-9999
GHCND:USC00352973,FLORENCE NUMBER 2 OR US,22.9,44.00417,-124.09472,201002,128,34,2,-7777,0,0,0,0,0,61,41,-9999,-9999,-9999,-9999,-9999,-9999,34,2,-7777,0,0,0,0,0,9,55,163,301,357,441,581,-9999,-9999,-9999,-9999,-9999,-9999,990,-9999,-9999,-9999,-9999,-9999,-9999,-9999,-9999,-9999,-9999,-9999,-9999,-9999,-9999,0,275,170,18,0,0,0,0,0,0,0,59,200,280,280,280,443,147,516,369,-9999,-9999,-9999,-9999
GHCND:USC00352973,FLORENCE NUMBER 2 OR US,22.9,44.00417,-124.09472,201003,217,86,15,-7777,-7777,0,0,0,0,113,85,-9999,-9999,-9999,-9999,-9999,-9999,86,15,-7777,-7777,0,0,0,0,2,25,109,250,312,405,560,-9999,-9999,-9999,-9999,-9999,-9999,917,-9999,-9999,-9999,-9999,-9999,-9999,-9999,-9999,-9999,-9999,-9999,-9999,-9999,-9999,0,310,264,52,0,0,0,0,0,0,0,40,170,307,310,310,470,165,552,387,-9999,-9999,-9999,-9999
GHCND:USC00352973,FLORENCE NUMBER 2 OR US,22.9,44.00417,-124.09472,201004,275,131,30,2,-7777,0,0,0,0,156,126,-9999,-9999,-9999,-9999,-9999,-9999,131,30,2,-7777,0,0,0,0,0,6,55,177,236,325,475,-9999,-9999,-9999,-9999,-9999,-9999,602,-9999,-9999,-9999,-9999,-9999,-9999,-9999,-9999,-9999,-9999,-9999,-9999,-9999,-9999,0,300,288,108,5,0,0,0,0,0,0,8,150,300,300,300,492,183,583,400,-9999,-9999,-9999,-9999
GHCND:USC00352973,FLORENCE NUMBER 2 OR US,22.9,44.00417,-124.09472,201005,395,241,96,21,12,6,2,1,-7777,229,195,-9999,-9999,-9999,-9999,-9999,-9999,241,96,21,12,6,2,1,-7777,0,1,11,91,144,231,382,-9999,-9999,-9999,-9999,-9999,-9999,398,-9999,-9999,-9999,-9999,-9999,-9999,-9999,-9999,-9999,-9999,-9999,-9999,-9999,-9999,0,310,310,200,28,5,0,0,0,0,0,0,88,295,310,310,528,195,625,430,-9999,-9999,-9999,-9999
GHCND:USC00352973,FLORENCE NUMBER 2 OR US,22.9,44.00417,-124.09472,201006,477,327,177,52,22,3,0,0,0,278,239,-9999,-9999,-9999,-9999,-9999,-9999,327,177,52,22,3,0,0,0,0,0,-7777,25,55,126,273,-9999,-9999,-9999,-9999,-9999,-9999,307,-9999,-9999,-9999,-9999,-9999,-9999,-9999,-9999,-9999,-9999,-9999,-9999,-9999,-9999,0,300,300,280,20,0,0,0,0,0,0,0,15,228,300,300,559,190,654,464,-9999,-9999,-9999,-9999
GHCND:USC00352973,FLORENCE NUMBER 2 OR US,22.9,44.00417,-124.09472,201007,581,426,271,119,69,23,1,0,0,362,318,-9999,-9999,-9999,-9999,-9999,-9999,426,271,119,69,23,1,0,0,0,0,0,3,15,61,195,-9999,-9999,-9999,-9999,-9999,-9999,97,-9999,-9999,-9999,-9999,-9999,-9999,-9999,-9999,-9999,-9999,-9999,-9999,-9999,-9999,0,310,310,307,134,3,0,0,0,0,0,0,10,202,307,310,588,211,693,482,-9999,-9999,-9999,-9999
GHCND:USC00352973,FLORENCE NUMBER 2 OR US,22.9,44.00417,-124.09472,201008,617,462,307,153,96,30,-7777,0,0,387,337,-9999,-9999,-9999,-9999,-9999,-9999,462,307,153,96,30,-7777,0,0,0,0,0,1,6,34,158,-9999,-9999,-9999,-9999,-9999,-9999,120,-9999,-9999,-9999,-9999,-9999,-9999,-9999,-9999,-9999,-9999,-9999,-9999,-9999,-9999,0,310,310,310,179,5,0,0,0,0,0,0,8,153,310,310,599,212,705,493,-9999,-9999,-9999,-9999
GHCND:USC00352973,FLORENCE NUMBER 2 OR US,22.9,44.00417,-124.09472,201009,516,366,217,90,55,20,-7777,0,0,332,293,-9999,-9999,-9999,-9999,-9999,-9999,366,217,90,55,20,-7777,0,0,0,0,1,24,49,104,235,-9999,-9999,-9999,-9999,-9999,-9999,239,-9999,-9999,-9999,-9999,-9999,-9999,-9999,-9999,-9999,-9999,-9999,-9999,-9999,-9999,0,300,300,290,115,10,0,0,0,0,0,0,55,238,300,300,572,234,689,455,-9999,-9999,-9999,-9999
GHCND:USC00352973,FLORENCE NUMBER 2 OR US,22.9,44.00417,-124.09472,201010,403,249,106,29,14,3,-7777,0,0,249,213,-9999,-9999,-9999,-9999,-9999,-9999,249,106,29,14,3,-7777,0,0,0,1,13,91,138,220,372,-9999,-9999,-9999,-9999,-9999,-9999,520,-9999,-9999,-9999,-9999,-9999,-9999,-9999,-9999,-9999,-9999,-9999,-9999,-9999,-9999,0,310,310,216,26,2,0,0,0,0,0,9,108,271,310,310,530,208,634,426,-9999,-9999,-9999,-9999
GHCND:USC00352973,FLORENCE NUMBER 2 OR US,22.9,44.00417,-124.09472,201011,227,104,28,4,2,-7777,0,0,0,101,75,-9999,-9999,-9999,-9999,-9999,-9999,104,28,4,2,-7777,0,0,0,6,32,106,232,290,378,528,-9999,-9999,-9999,-9999,-9999,-9999,1300,-9999,-9999,-9999,-9999,-9999,-9999,-9999,-9999,-9999,-9999,-9999,-9999,-9999,-9999,0,292,231,46,0,0,0,0,0,0,0,8,146,287,300,300,474,132,540,408,-9999,-9999,-9999,-9999
GHCND:USC00352973,FLORENCE NUMBER 2 OR US,22.9,44.00417,-124.09472,201012,119,40,5,-7777,0,0,0,0,0,33,18,-9999,-9999,-9999,-9999,-9999,-9999,40,5,-7777,0,0,0,0,0,33,109,230,379,441,534,690,-9999,-9999,-9999,-9999,-9999,-9999,1416,-9999,-9999,-9999,-9999,-9999,-9999,-9999,-9999,-9999,-9999,-9999,-9999,-9999,-9999,0,298,110,0,0,0,0,0,0,0,0,64,194,305,310,310,428,109,482,373,-9999,-9999,-9999,-9999
GHCND:USC00351897,COTTAGE GROVE 1 NNE OR US,181.4,43.79167,-123.0275,201001,93,29,5,-7777,-7777,-7777,0,0,0,41,28,87,260,559,868,992,1000,29,5,-7777,-7777,-7777,0,0,0,56,146,278,428,490,583,738,374,0,721,0,868,0,656,9,4,2,0,1,-7777,194,130,44,13,3,0,2,0,0,269,117,10,0,0,0,3,0,0,8,108,249,308,310,310,412,132,478,346,27,18,29,27
GHCND:USC00351897,COTTAGE GROVE 1 NNE OR US,181.4,43.79167,-123.0275,201002,126,46,11,2,1,-7777,0,0,0,75,56,149,297,529,834,974,1000,46,11,2,1,-7777,0,0,0,28,88,193,324,379,462,602,329,0,407,0,621,0,497,7,4,3,0,2,1,162,108,32,10,7,0,4,1,0,269,176,34,2,0,0,1,0,1,8,91,214,278,280,280,435,174,522,348,29,23,28,33
GHCND:USC00351897,COTTAGE GROVE 1 NNE OR US,181.4,43.79167,-123.0275,201003,223,100,28,4,1,-7777,0,0,0,143,115,0,9,130,555,924,999,100,28,4,1,-7777,0,0,0,5,37,120,250,310,402,556,361,0,457,0,580,0,490,1,1,1,0,0,0,188,125,28,4,0,0,0,0,0,309,254,97,13,0,0,0,0,0,-7777,60,209,306,310,310,471,197,569,372,24,23,30,23
GHCND:USC00351897,COTTAGE GROVE 1 NNE OR US,181.4,43.79167,-123.0275,201004,316,176,75,22,12,4,-7777,-7777,-7777,204,174,0,0,0,215,692,964,176,75,22,12,4,-7777,-7777,-7777,-7777,11,60,157,207,289,435,262,0,356,0,495,0,399,-7777,-7777,0,0,0,0,168,106,21,5,-7777,0,0,0,0,300,278,153,52,5,0,0,0,0,0,24,163,291,300,300,505,218,614,396,23,24,28,24
GHCND:USC00351897,COTTAGE GROVE 1 NNE OR US,181.4,43.79167,-123.0275,201005,494,340,197,91,62,32,8,1,1,318,280,0,0,0,43,329,790,340,197,91,62,32,8,1,1,0,1,12,61,95,158,288,176,0,295,0,420,0,320,0,0,0,0,0,0,124,80,16,2,0,0,0,0,0,310,309,245,113,31,2,0,0,0,0,6,77,252,310,310,559,233,676,443,20,33,33,18
GHCND:USC00351897,COTTAGE GROVE 1 NNE OR US,181.4,43.79167,-123.0275,201006,632,482,332,190,141,82,24,4,2,415,371,0,0,0,0,0,119,482,332,190,141,82,24,4,2,0,0,-7777,8,20,51,143,102,0,151,0,224,0,167,0,0,0,0,0,0,84,45,9,1,0,0,0,0,0,300,300,291,188,66,11,0,0,0,0,0,20,170,297,300,610,249,735,486,19,29,30,16
GHCND:USC00351897,COTTAGE GROVE 1 NNE OR US,181.4,43.79167,-123.0275,201007,828,673,518,363,302,214,94,27,14,572,520,0,0,0,0,0,4,673,518,363,302,214,94,27,14,0,0,0,-7777,1,6,41,11,0,25,0,73,0,52,0,0,0,0,0,0,29,16,3,-7777,0,0,0,0,2,310,310,309,289,183,43,0,0,0,0,0,4,117,297,310,667,300,817,517,26,34,39,19
GHCND:USC00351897,COTTAGE GROVE 1 NNE OR US,181.4,43.79167,-123.0275,201008,823,668,513,358,297,208,87,24,12,573,523,0,0,0,0,1,44,668,513,358,297,208,87,24,12,0,0,0,-7777,1,5,39,4,0,22,0,123,0,69,0,0,0,0,0,0,28,14,4,1,0,0,0,0,2,310,310,310,296,193,48,0,0,0,0,0,17,135,297,309,665,319,825,506,15,34,23,22
GHCND:USC00351897,COTTAGE GROVE 1 NNE OR US,181.4,43.79167,-123.0275,201009,641,490,341,201,152,89,25,3,1,445,404,0,0,0,3,142,507,490,341,201,152,89,25,3,1,-7777,-7777,1,10,21,49,135,51,0,130,0,198,0,136,0,0,0,0,0,0,60,36,6,1,0,0,0,0,-7777,300,300,294,229,108,18,0,0,0,0,5,46,213,300,300,614,302,765,462,19,39,31,22
GHCND:USC00351897,COTTAGE GROVE 1 NNE OR US,181.4,43.79167,-123.0275,201010,416,265,133,46,27,9,1,-7777,0,268,233,0,11,60,191,543,916,265,133,46,27,9,1,-7777,0,-7777,5,28,96,138,214,360,222,0,347,0,484,0,354,0,0,0,0,0,0,130,76,22,6,0,0,0,0,0,310,305,217,79,12,1,0,0,0,1,15,115,279,310,310,534,226,647,421,16,39,28,22
GHCND:USC00351897,COTTAGE GROVE 1 NNE OR US,181.4,43.79167,-123.0275,201011,186,83,26,5,2,-7777,0,0,0,89,65,15,62,176,432,777,975,83,26,5,2,-7777,0,0,0,18,64,156,285,343,431,581,483,0,711,0,909,0,744,1,1,-7777,0,0,0,206,140,54,15,1,0,0,0,0,291,194,44,3,0,0,1,0,-7777,3,48,173,285,300,300,457,141,527,386,29,24,29,33
GHCND:USC00351897,COTTAGE GROVE 1 NNE OR US,181.4,43.79167,-123.0275,201012,83,25,5,-7777,-7777,-7777,0,0,0,31,20,161,270,482,810,984,1000,25,5,-7777,-7777,-7777,0,0,0,74,171,306,456,518,611,766,408,0,741,0,1044,0,744,7,4,3,0,1,0,198,138,50,16,6,0,1,-7777,0,251,88,8,0,0,0,8,0,1,14,104,244,308,310,310,403,118,462,344,24,18,23,29
GHCND:USC00354811,LEABURG 1 SW OR US,205.7,44.10139,-122.68861,201001,91,24,3,-7777,0,0,0,0,0,45,31,9,127,431,791,985,1000,24,3,-7777,0,0,0,0,0,45,132,266,419,480,573,728,670,0,958,0,1157,0,905,5,6,4,-7777,2,1,206,155,65,22,12,0,5,3,0,278,127,13,0,0,0,-7777,0,0,2,98,258,310,310,310,415,140,485,345,25,20,26,27
GHCND:USC00354811,LEABURG 1 SW OR US,205.7,44.10139,-122.68861,201002,126,42,7,1,-7777,-7777,0,0,0,82,62,29,101,308,701,961,1000,42,7,1,-7777,-7777,0,0,0,22,79,184,317,373,456,596,477,0,627,0,837,0,717,9,6,4,0,1,-7777,169,129,53,17,11,0,4,1,0,268,179,44,2,0,0,1,0,1,4,91,229,280,280,280,437,180,527,347,25,26,29,27
GHCND:USC00354811,LEABURG 1 SW OR US,205.7,44.10139,-122.68861,201003,219,97,28,4,2,-7777,0,0,0,147,121,0,0,9,357,868,1000,97,28,4,2,-7777,0,0,0,5,38,124,255,315,406,561,600,0,721,0,850,0,738,2,3,1,0,0,0,197,148,54,12,3,0,0,0,0,308,251,104,21,-7777,0,0,0,0,0,52,232,310,310,310,469,204,571,367,23,25,32,20
GHCND:USC00354811,LEABURG 1 SW OR US,205.7,44.10139,-122.68861,201004,311,174,77,25,14,5,-7777,-7777,-7777,204,176,0,0,0,97,585,971,174,77,25,14,5,-7777,-7777,-7777,-7777,13,66,165,214,294,440,478,0,615,0,737,0,612,0,0,0,0,0,0,180,131,42,9,-7777,0,0,0,0,300,275,153,63,9,0,0,0,0,0,17,175,298,300,300,503,222,615,392,22,24,30,19
GHCND:USC00354811,LEABURG 1 SW OR US,205.7,44.10139,-122.68861,201005,484,329,188,87,60,32,8,1,-7777,310,275,0,0,0,12,196,676,329,188,87,60,32,8,1,-7777,0,1,15,69,103,169,299,230,0,425,0,620,0,440,0,0,0,0,0,0,141,102,30,6,0,0,0,0,0,310,307,237,121,37,3,0,0,0,0,2,73,280,310,310,556,240,676,436,21,34,34,17
GHCND:USC00354811,LEABURG 1 SW OR US,205.7,44.10139,-122.68861,201006,624,474,325,186,139,81,26,5,3,404,361,0,0,0,0,0,52,474,325,186,139,81,26,5,3,0,0,1,12,25,57,152,171,0,275,0,416,0,307,0,0,0,0,0,0,95,69,20,4,0,0,0,0,1,300,300,281,190,77,15,0,0,0,0,0,8,199,299,300,608,256,736,480,21,27,31,16
GHCND:USC00354811,LEABURG 1 SW OR US,205.7,44.10139,-122.68861,201007,826,671,516,361,300,213,95,27,15,557,506,0,0,0,0,0,0,671,516,361,300,213,95,27,15,0,0,-7777,-7777,1,7,44,19,0,52,0,104,0,77,0,0,0,0,0,0,38,18,5,1,0,0,0,0,4,310,310,309,281,193,59,0,0,0,0,0,0,134,306,310,667,315,824,509,23,41,41,15
GHCND:USC00354811,LEABURG 1 SW OR US,205.7,44.10139,-122.68861,201008,829,674,519,364,303,213,92,24,11,562,512,0,0,0,0,0,0,674,519,364,303,213,92,24,11,0,0,0,-7777,-7777,4,38,5,0,57,0,124,0,89,0,0,0,0,0,0,36,22,6,1,0,0,0,0,2,310,310,310,289,210,66,0,0,0,0,0,1,146,309,310,667,331,833,502,14,36,26,19
GHCND:USC00354811,LEABURG 1 SW OR US,205.7,44.10139,-122.68861,201009,658,509,359,216,165,102,32,5,1,446,406,0,0,0,0,1,154,509,359,216,165,102,32,5,1,-7777,-7777,-7777,8,17,44,124,75,0,200,0,348,0,219,0,0,0,0,0,0,69,48,15,4,0,0,0,0,-7777,300,300,290,227,124,23,0,0,0,0,-7777,24,225,300,300,619,305,772,467,18,41,34,19
GHCND:USC00354811,LEABURG 1 SW OR US,205.7,44.10139,-122.68861,201010,428,276,142,53,31,12,2,-7777,-7777,272,238,0,0,3,89,354,831,276,142,53,31,12,2,-7777,-7777,-7777,3,24,90,131,204,349,390,0,555,0,757,0,543,0,0,0,0,0,0,134,95,44,13,0,0,0,0,0,310,301,219,93,15,1,0,0,0,0,5,98,287,310,310,538,227,652,424,18,37,32,19
GHCND:USC00354811,LEABURG 1 SW OR US,205.7,44.10139,-122.68861,201011,179,74,21,3,1,-7777,0,0,0,90,67,0,11,106,369,787,994,74,21,3,1,-7777,0,0,0,15,59,156,288,346,435,585,747,0,1018,0,1373,0,1063,3,2,1,0,-7777,0,205,161,83,30,2,0,-7777,0,0,293,198,50,3,0,0,1,0,0,-7777,50,183,292,300,300,455,150,530,380,27,24,30,29
GHCND:USC00354811,LEABURG 1 SW OR US,205.7,44.10139,-122.68861,201012,69,16,2,-7777,0,0,0,0,0,27,17,115,218,440,807,988,1000,16,2,-7777,0,0,0,0,0,67,169,310,463,525,618,773,637,0,1074,0,1350,3,1045,14,7,3,0,1,1,203,166,81,27,9,0,0,0,0,258,86,4,0,0,0,6,0,1,9,110,264,310,310,310,400,126,463,338,23,16,23,26
GHCND:USC00351914,COUGAR DAM OR US,384,44.13083,-122.24194,201001,39,7,-7777,0,0,0,0,0,0,10,4,-9999,-9999,-9999,-9999,-9999,-9999,7,-7777,0,0,0,0,0,0,94,218,366,521,583,676,831,-9999,-9999,-9999,-9999,-9999,-9999,964,-9999,-9999,-9999,-9999,-9999,-9999,-9999,-9999,-9999,-9999,-9999,-9999,-9999,-9999,0,218,40,0,0,0,0,8,0,0,8,142,276,310,310,310,382,106,435,329,-9999,-9999,-9999,-9999
GHCND:USC00351914,COUGAR DAM OR US,384,44.13083,-122.24194,201002,55,8,-7777,-7777,-7777,0,0,0,0,28,17,-9999,-9999,-9999,-9999,-9999,-9999,8,-7777,-7777,-7777,0,0,0,0,46,138,270,410,466,550,690,-9999,-9999,-9999,-9999,-9999,-9999,679,-9999,-9999,-9999,-9999,-9999,-9999,-9999,-9999,-9999,-9999,-9999,-9999,-9999,-9999,0,242,91,3,0,0,0,5,0,0,0,105,262,280,280,280,404,135,471,336,-9999,-9999,-9999,-9999
GHCND:USC00351914,COUGAR DAM OR US,384,44.13083,-122.24194,201003,164,63,17,1,-7777,0,0,0,0,99,79,-9999,-9999,-9999,-9999,-9999,-9999,63,17,1,-7777,0,0,0,0,13,67,175,315,376,468,623,-9999,-9999,-9999,-9999,-9999,-9999,790,-9999,-9999,-9999,-9999,-9999,-9999,-9999,-9999,-9999,-9999,-9999,-9999,-9999,-9999,0,297,185,58,13,0,0,0,0,0,0,31,245,310,310,310,449,162,530,368,-9999,-9999,-9999,-9999
GHCND:USC00351914,COUGAR DAM OR US,384,44.13083,-122.24194,201004,287,159,73,28,17,6,1,0,0,171,145,-9999,-9999,-9999,-9999,-9999,-9999,159,73,28,17,6,1,0,0,4,25,89,194,243,322,467,-9999,-9999,-9999,-9999,-9999,-9999,704,-9999,-9999,-9999,-9999,-9999,-9999,-9999,-9999,-9999,-9999,-9999,-9999,-9999,-9999,0,295,244,118,54,8,0,0,0,0,0,0,171,300,300,300,494,187,588,401,-9999,-9999,-9999,-9999
GHCND:USC00351914,COUGAR DAM OR US,384,44.13083,-122.24194,201005,545,390,244,126,90,50,12,-7777,-7777,340,301,-9999,-9999,-9999,-9999,-9999,-9999,390,244,126,90,50,12,-7777,-7777,-7777,-7777,9,46,72,124,242,-9999,-9999,-9999,-9999,-9999,-9999,461,-9999,-9999,-9999,-9999,-9999,-9999,-9999,-9999,-9999,-9999,-9999,-9999,-9999,-9999,0,310,310,244,137,43,5,0,0,0,0,0,17,246,310,310,576,224,688,464,-9999,-9999,-9999,-9999
GHCND:USC00351914,COUGAR DAM OR US,384,44.13083,-122.24194,201006,696,546,397,256,204,134,50,11,6,465,416,-9999,-9999,-9999,-9999,-9999,-9999,546,397,256,204,134,50,11,6,0,0,1,10,18,38,104,-9999,-9999,-9999,-9999,-9999,-9999,307,-9999,-9999,-9999,-9999,-9999,-9999,-9999,-9999,-9999,-9999,-9999,-9999,-9999,-9999,0,300,300,289,219,92,17,0,0,0,0,0,11,136,280,300,632,246,755,509,-9999,-9999,-9999,-9999
GHCND:USC00351914,COUGAR DAM OR US,384,44.13083,-122.24194,201007,889,734,579,425,363,273,139,49,31,613,554,-9999,-9999,-9999,-9999,-9999,-9999,734,579,425,363,273,139,49,31,0,0,0,-7777,1,4,25,-9999,-9999,-9999,-9999,-9999,-9999,70,-9999,-9999,-9999,-9999,-9999,-9999,-9999,-9999,-9999,-9999,-9999,-9999,-9999,-9999,10,310,310,310,288,199,51,0,0,0,0,0,0,42,280,310,687,288,831,543,-9999,-9999,-9999,-9999
GHCND:USC00351914,COUGAR DAM OR US,384,44.13083,-122.24194,201008,876,721,565,411,350,262,140,53,33,591,534,-9999,-9999,-9999,-9999,-9999,-9999,721,565,411,350,262,140,53,33,0,0,0,-7777,1,7,39,-9999,-9999,-9999,-9999,-9999,-9999,85,-9999,-9999,-9999,-9999,-9999,-9999,-9999,-9999,-9999,-9999,-9999,-9999,-9999,-9999,6,310,310,310,284,203,85,0,0,0,0,0,0,72,293,310,683,303,834,531,-9999,-9999,-9999,-9999
GHCND:USC00351914,COUGAR DAM OR US,384,44.13083,-122.24194,201009,672,522,374,235,184,117,45,13,6,441,395,-9999,-9999,-9999,-9999,-9999,-9999,522,374,235,184,117,45,13,6,0,1,3,14,22,45,123,-9999,-9999,-9999,-9999,-9999,-9999,191,-9999,-9999,-9999,-9999,-9999,-9999,-9999,-9999,-9999,-9999,-9999,-9999,-9999,-9999,0,300,296,286,214,100,27,0,0,0,0,0,7,159,300,300,624,268,758,490,-9999,-9999,-9999,-9999
GHCND:USC00351914,COUGAR DAM OR US,384,44.13083,-122.24194,201010,402,251,120,44,26,9,1,-7777,-7777,238,204,-9999,-9999,-9999,-9999,-9999,-9999,251,120,44,26,9,1,-7777,-7777,-7777,4,28,108,151,228,375,-9999,-9999,-9999,-9999,-9999,-9999,492,-9999,-9999,-9999,-9999,-9999,-9999,-9999,-9999,-9999,-9999,-9999,-9999,-9999,-9999,0,310,302,195,51,4,0,0,0,0,0,2,85,280,310,310,530,197,628,431,-9999,-9999,-9999,-9999
GHCND:USC00351914,COUGAR DAM OR US,384,44.13083,-122.24194,201011,113,38,11,2,1,-7777,0,0,0,48,32,-9999,-9999,-9999,-9999,-9999,-9999,38,11,2,1,-7777,0,0,0,26,99,222,364,423,512,661,-9999,-9999,-9999,-9999,-9999,-9999,1138,-9999,-9999,-9999,-9999,-9999,-9999,-9999,-9999,-9999,-9999,-9999,-9999,-9999,-9999,0,275,132,14,0,0,0,0,0,0,0,29,232,296,300,300,430,125,492,367,-9999,-9999,-9999,-9999
GHCND:USC00351914,COUGAR DAM OR US,384,44.13083,-122.24194,201012,34,5,-7777,0,0,0,0,0,0,6,3,-9999,-9999,-9999,-9999,-9999,-9999,5,-7777,0,0,0,0,0,0,119,245,395,550,612,705,860,-9999,-9999,-9999,-9999,-9999,-9999,1152,-9999,-9999,-9999,-9999,-9999,-9999,-9999,-9999,-9999,-9999,-9999,-9999,-9999,-9999,0,200,23,0,0,0,0,17,0,0,17,139,276,310,310,310,373,93,419,326,-9999,-9999,-9999,-9999
GHCND:USC00355362,MCKENZIE BRIDGE RANGER STATION OR US,450.5,44.1781,-122.1156,201001,35,7,1,-7777,-7777,0,0,0,0,12,7,-9999,-9999,-9999,-9999,-9999,-9999,7,1,-7777,-7777,0,0,0,0,112,238,387,541,603,696,851,-9999,-9999,-9999,-9999,-9999,-9999,893,-9999,-9999,-9999,-9999,-9999,-9999,-9999,-9999,-9999,-9999,-9999,-9999,-9999,-9999,0,205,38,1,0,0,0,7,0,0,9,157,281,310,310,310,376,109,430,321,-9999,-9999,-9999,-9999
GHCND:USC00355362,MCKENZIE BRIDGE RANGER STATION OR US,450.5,44.1781,-122.1156,201002,51,10,1,-7777,-7777,-7777,0,0,0,39,27,-9999,-9999,-9999,-9999,-9999,-9999,10,1,-7777,-7777,-7777,0,0,0,67,165,296,435,491,575,715,-9999,-9999,-9999,-9999,-9999,-9999,734,-9999,-9999,-9999,-9999,-9999,-9999,-9999,-9999,-9999,-9999,-9999,-9999,-9999,-9999,0,241,104,17,0,0,0,3,0,2,12,165,266,279,280,280,395,169,479,310,-9999,-9999,-9999,-9999
GHCND:USC00355362,MCKENZIE BRIDGE RANGER STATION OR US,450.5,44.1781,-122.1156,201003,159,60,14,3,1,-7777,-7777,0,0,122,100,-9999,-9999,-9999,-9999,-9999,-9999,60,14,3,1,-7777,-7777,0,0,17,73,181,325,386,478,632,-9999,-9999,-9999,-9999,-9999,-9999,701,-9999,-9999,-9999,-9999,-9999,-9999,-9999,-9999,-9999,-9999,-9999,-9999,-9999,-9999,0,299,212,84,21,1,0,0,0,0,0,111,258,310,310,310,446,204,548,344,-9999,-9999,-9999,-9999
GHCND:USC00355362,MCKENZIE BRIDGE RANGER STATION OR US,450.5,44.17139,-122.11806,201004,306,176,84,29,17,7,1,-7777,-7777,225,198,-9999,-9999,-9999,-9999,-9999,-9999,176,84,29,17,7,1,-7777,-7777,2,21,79,175,223,302,446,-9999,-9999,-9999,-9999,-9999,-9999,592,-9999,-9999,-9999,-9999,-9999,-9999,-9999,-9999,-9999,-9999,-9999,-9999,-9999,-9999,0,299,262,162,83,26,1,0,0,0,0,51,201,295,300,300,502,251,627,376,-9999,-9999,-9999,-9999
GHCND:USC00355362,MCKENZIE BRIDGE RANGER STATION OR US,450.5,44.17139,-122.11806,201005,524,370,228,120,88,53,18,4,1,361,326,-9999,-9999,-9999,-9999,-9999,-9999,370,228,120,88,53,18,4,1,-7777,1,15,61,91,150,269,-9999,-9999,-9999,-9999,-9999,-9999,413,-9999,-9999,-9999,-9999,-9999,-9999,-9999,-9999,-9999,-9999,-9999,-9999,-9999,-9999,2,310,306,252,162,72,20,0,0,0,0,14,112,273,309,310,569,290,714,424,-9999,-9999,-9999,-9999
GHCND:USC00355362,MCKENZIE BRIDGE RANGER STATION OR US,450.5,44.17139,-122.11806,201006,683,533,383,241,190,122,44,10,5,464,422,-9999,-9999,-9999,-9999,-9999,-9999,533,383,241,190,122,44,10,5,0,0,1,9,17,39,112,-9999,-9999,-9999,-9999,-9999,-9999,288,-9999,-9999,-9999,-9999,-9999,-9999,-9999,-9999,-9999,-9999,-9999,-9999,-9999,-9999,5,300,300,286,238,133,36,0,0,0,0,-7777,31,201,298,300,628,313,784,471,-9999,-9999,-9999,-9999
GHCND:USC00355362,MCKENZIE BRIDGE RANGER STATION OR US,450.5,44.17139,-122.11806,201007,887,731,576,421,360,270,137,47,27,598,547,-9999,-9999,-9999,-9999,-9999,-9999,731,576,421,360,270,137,47,27,0,0,-7777,-7777,1,3,25,-9999,-9999,-9999,-9999,-9999,-9999,85,-9999,-9999,-9999,-9999,-9999,-9999,-9999,-9999,-9999,-9999,-9999,-9999,-9999,-9999,16,310,310,310,299,242,109,0,0,0,0,0,7,136,302,310,686,358,865,507,-9999,-9999,-9999,-9999
GHCND:USC00355362,MCKENZIE BRIDGE RANGER STATION OR US,450.5,44.17139,-122.11806,201008,868,713,558,403,342,252,120,38,21,588,539,-9999,-9999,-9999,-9999,-9999,-9999,713,558,403,342,252,120,38,21,0,0,0,-7777,1,4,27,-9999,-9999,-9999,-9999,-9999,-9999,104,-9999,-9999,-9999,-9999,-9999,-9999,-9999,-9999,-9999,-9999,-9999,-9999,-9999,-9999,10,310,310,309,296,241,101,0,0,0,0,0,7,156,302,310,680,358,859,501,-9999,-9999,-9999,-9999
GHCND:USC00355362,MCKENZIE BRIDGE RANGER STATION OR US,450.5,44.17139,-122.11806,201009,621,471,323,188,142,86,26,4,1,432,395,-9999,-9999,-9999,-9999,-9999,-9999,471,323,188,142,86,26,4,1,-7777,-7777,2,17,31,65,155,-9999,-9999,-9999,-9999,-9999,-9999,221,-9999,-9999,-9999,-9999,-9999,-9999,-9999,-9999,-9999,-9999,-9999,-9999,-9999,-9999,2,300,299,290,222,118,24,0,0,0,0,4,58,239,300,300,607,316,765,449,-9999,-9999,-9999,-9999
GHCND:USC00355362,MCKENZIE BRIDGE RANGER STATION OR US,450.5,44.17139,-122.11806,201010,336,191,79,22,11,3,-7777,-7777,0,218,187,-9999,-9999,-9999,-9999,-9999,-9999,191,79,22,11,3,-7777,-7777,0,1,11,54,152,203,288,440,-9999,-9999,-9999,-9999,-9999,-9999,530,-9999,-9999,-9999,-9999,-9999,-9999,-9999,-9999,-9999,-9999,-9999,-9999,-9999,-9999,0,310,292,178,53,6,0,0,0,0,0,32,161,299,310,310,508,220,618,398,-9999,-9999,-9999,-9999
GHCND:USC00355362,MCKENZIE BRIDGE RANGER STATION OR US,450.5,44.17139,-122.11806,201011,92,30,5,-7777,-7777,0,0,0,0,34,22,-9999,-9999,-9999,-9999,-9999,-9999,30,5,-7777,-7777,0,0,0,0,46,133,259,404,463,553,703,-9999,-9999,-9999,-9999,-9999,-9999,1040,-9999,-9999,-9999,-9999,-9999,-9999,-9999,-9999,-9999,-9999,-9999,-9999,-9999,-9999,0,261,105,10,0,0,0,2,0,0,3,78,219,294,300,300,416,111,471,360,-9999,-9999,-9999,-9999
GHCND:USC00355362,MCKENZIE BRIDGE RANGER STATION OR US,450.5,44.17139,-122.11806,201012,20,2,-7777,0,0,0,0,0,0,4,2,-9999,-9999,-9999,-9999,-9999,-9999,2,-7777,0,0,0,0,0,0,148,286,439,593,655,748,904,-9999,-9999,-9999,-9999,-9999,-9999,1234,-9999,-9999,-9999,-9999,-9999,-9999,-9999,-9999,-9999,-9999,-9999,-9999,-9999,-9999,0,169,17,0,0,0,0,18,0,3,15,168,288,310,310,310,359,95,406,311,-9999,-9999,-9999,-9999
GHCND:USC00355050,LOOKOUT POINT DAM OR US,217,43.91444,-122.76,201001,97,30,4,-7777,-7777,0,0,0,0,34,22,0,108,397,764,968,999,30,4,-7777,-7777,0,0,0,0,52,140,269,420,482,575,730,274,0,616,0,793,0,600,4,2,1,0,-7777,-7777,197,131,40,13,1,0,0,0,0,268,102,7,0,0,0,4,0,0,1,79,234,309,310,310,414,113,471,358,27,11,28,27
GHCND:USC00355050,LOOKOUT POINT DAM OR US,217,43.91444,-122.76,201002,129,45,9,1,-7777,-7777,-7777,0,0,60,43,31,102,277,595,888,995,45,9,1,-7777,-7777,-7777,0,0,24,80,184,316,371,455,595,320,0,440,0,574,0,479,6,3,2,0,1,0,167,105,30,7,7,0,3,1,0,268,150,23,-7777,0,0,1,0,-7777,4,58,193,279,280,280,437,140,508,367,27,19,28,28
GHCND:USC00355050,LOOKOUT POINT DAM OR US,217,43.91444,-122.76,201003,224,100,29,5,2,-7777,-7777,0,0,115,90,0,0,0,112,591,964,100,29,5,2,-7777,-7777,0,0,5,36,121,251,310,402,556,375,0,474,0,601,0,490,0,0,0,0,0,0,197,132,27,3,-7777,0,0,0,0,307,231,68,6,0,0,0,0,0,0,17,180,307,310,310,470,157,549,392,23,17,27,21
GHCND:USC00355050,LOOKOUT POINT DAM OR US,217,43.91444,-122.76,201004,311,174,75,24,14,5,-7777,-7777,-7777,169,140,0,0,0,0,180,770,174,75,24,14,5,-7777,-7777,-7777,1,13,65,164,213,294,440,331,0,424,0,550,0,433,0,0,0,0,0,0,181,123,24,3,0,0,0,0,0,300,260,123,37,2,0,0,0,0,0,1,115,288,300,300,504,171,589,418,20,19,26,17
GHCND:USC00355050,LOOKOUT POINT DAM OR US,217,43.91444,-122.76,201005,470,316,176,79,54,28,7,1,1,277,239,0,0,0,0,53,410,316,176,79,54,28,7,1,1,0,1,17,75,112,179,313,201,0,339,0,461,0,365,0,0,0,0,0,0,146,95,22,4,0,0,0,0,0,310,304,209,84,16,1,0,0,0,0,-7777,41,255,308,310,552,195,649,454,22,26,31,18
GHCND:USC00355050,LOOKOUT POINT DAM OR US,217,43.91444,-122.76,201006,611,461,311,173,128,73,22,5,2,382,335,0,0,0,0,0,1,461,311,173,128,73,22,5,2,0,0,-7777,13,27,63,161,146,0,198,0,302,0,228,0,0,0,0,0,0,95,63,13,1,0,0,0,0,-7777,300,300,272,150,41,5,0,0,0,0,0,4,148,297,300,603,209,708,499,19,23,28,14
GHCND:USC00355050,LOOKOUT POINT DAM OR US,217,43.91444,-122.76,201007,821,666,511,357,295,208,90,25,13,563,505,0,0,0,0,0,0,666,511,357,295,208,90,25,13,0,0,0,-7777,1,7,43,23,0,47,0,80,0,73,0,0,0,0,0,0,46,20,3,1,0,0,0,0,0,310,310,308,271,150,24,0,0,0,0,0,0,53,290,309,665,254,792,538,24,30,36,17
GHCND:USC00355050,LOOKOUT POINT DAM OR US,217,43.91444,-122.76,201008,823,668,513,358,296,207,86,21,10,566,508,0,0,0,0,0,0,668,513,358,296,207,86,21,10,0,0,0,-7777,-7777,4,38,8,0,46,0,119,0,78,0,0,0,0,0,0,42,19,6,1,0,0,0,0,1,310,310,310,281,153,22,0,0,0,0,0,0,60,297,310,665,261,796,535,14,26,23,14
GHCND:USC00355050,LOOKOUT POINT DAM OR US,217,43.91444,-122.76,201009,675,525,375,231,178,110,36,6,2,443,394,0,0,0,0,0,28,525,375,231,178,110,36,6,2,0,0,-7777,6,13,35,112,67,0,143,0,234,0,157,0,0,0,0,0,0,68,44,8,-7777,0,0,0,0,-7777,300,299,289,205,81,6,0,0,0,0,0,5,124,294,300,625,234,742,508,20,30,29,18
GHCND:USC00355050,LOOKOUT POINT DAM OR US,217,43.91444,-122.76,201010,448,295,157,62,38,16,3,-7777,-7777,250,211,0,0,0,5,113,417,295,157,62,38,16,3,-7777,-7777,-7777,2,19,79,117,188,330,221,0,336,0,480,0,349,0,0,0,0,0,0,127,78,22,4,0,0,0,0,0,310,300,194,60,5,0,0,0,0,0,1,32,248,310,310,545,171,630,459,17,28,25,18
GHCND:USC00355050,LOOKOUT POINT DAM OR US,217,43.91444,-122.76,201011,199,88,27,5,2,-7777,-7777,0,0,78,56,0,8,57,225,593,918,88,27,5,2,-7777,-7777,0,0,14,52,141,269,326,414,564,450,0,682,0,912,0,704,0,-7777,0,0,0,0,199,141,48,15,0,0,0,0,0,290,187,36,1,0,0,1,0,0,-7777,25,132,283,300,300,462,114,519,405,28,12,29,29
GHCND:USC00355050,LOOKOUT POINT DAM OR US,217,43.91444,-122.76,201012,84,24,4,-7777,-7777,0,0,0,0,25,16,95,182,373,716,966,1000,24,4,-7777,-7777,0,0,0,0,66,160,296,446,508,601,756,398,0,679,0,927,0,691,5,3,1,0,1,0,200,143,46,12,6,0,2,-7777,0,255,73,6,0,0,0,7,0,1,8,78,234,309,310,310,406,100,456,356,25,10,24,26
